{"cameraMode":{"drawMode":0,"name":"Shaded","section":"Shading Mode"},"sceneLighting":true,"audioPlay":false,"sceneViewState":{"showFog":true,"showMaterialUpdate":false,"showSkybox":true,"showFlares":true,"showImageEffects":true,"showParticleSystems":true},"in2DMode":false,"pivot":{"x":-44.4766845703125,"y":-472.8651123046875,"z":400.11883544921877},"rotation":{"x":-0.5117654800415039,"y":0.013399407267570496,"z":-0.007982990704476834,"w":-0.8589857816696167},"size":2460.5625,"orthographic":true}